Real Part,Frequency (Hz)
-1110.1246010717045,296.2190570892282
